{"cameraMode":{"drawMode":0,"name":"Shaded","section":"Shading Mode"},"sceneLighting":true,"audioPlay":false,"sceneViewState":{"showFog":false,"showMaterialUpdate":true,"showSkybox":true,"showFlares":true,"showImageEffects":true,"showParticleSystems":true},"in2DMode":false,"pivot":{"x":-2.9660792350769045,"y":2.5839884281158449,"z":-3.6802425384521486},"rotation":{"x":0.1275036633014679,"y":0.2917647659778595,"z":-0.039263978600502017,"w":0.9471401572227478},"size":8.344382286071778,"orthographic":false}