{"cameraMode":{"drawMode":0,"name":"Shaded","section":"Shading Mode"},"sceneLighting":true,"audioPlay":false,"sceneViewState":{"showFog":false,"showMaterialUpdate":true,"showSkybox":true,"showFlares":true,"showImageEffects":true,"showParticleSystems":true},"in2DMode":false,"pivot":{"x":1.2273743152618409,"y":2.4865682125091554,"z":1.043245792388916},"rotation":{"x":-0.08127716183662415,"y":-0.26089590787887576,"z":0.02203415334224701,"w":-0.9616870284080505},"size":12.659859657287598,"orthographic":false}